build_year,community,deal_time,decoration,elevator,floor,info,number,orientation,property_time,region,size,style,total_price,unit_price
2000,新丽苑,2016.05.22,其他,无,高楼层(共6层),,GZ0001465531,暂无数据,暂无数据,广州-荔湾,56㎡,2室1厅0厨1卫,54万,9643元/平
未知, 4室1厅,2016.04.29,简装,无,高楼层(共8层),暂无信息,GZ0001386286,暂无数据,暂无数据,广州-,111㎡,4室1厅0厨1卫,85万,7658元/平
1995,芳村大道东,2016.04.29,其他,有,高楼层(共9层),,GZ0001479012,南,暂无数据,广州-荔湾,70㎡,2室2厅0厨1卫,72万,10286元/平
2000,桥中花园,2017.03.06,其他,无,高楼层(共9层),,GZ0002200529,南 北,满两年,广州-荔湾,80.09㎡,1室1厅1厨1卫,36万,4495元/平
1997,沥滘公安宿舍,2016.11.15,简装,无,高楼层(共9层),,GZ0002185481,北,满五年,广州-海珠,63㎡,2室1厅0厨1卫,65万,10318元/平
2000,新丽苑,2016.10.20,简装,无,中楼层(共6层),,GZ0001832508,南 北,满五年,广州-荔湾,56㎡,2室2厅1厨1卫,59万,10447元/平
2000,新丽苑,2016.09.16,精装,无,高楼层(共6层),,GZ0001466559,东南,暂无数据,广州-荔湾,143㎡,3室2厅0厨3卫,143万,10000元/平
未知,商业大道,2016.03.30,其他,无,中楼层(共8层),,GZ0001482599,暂无数据,暂无数据,广州-花都,91.8㎡,3室2厅0厨0卫,43万,4685元/平
未知,美林湖贝沙湾,2017.04.11,其他,暂无数据,高楼层(共15层),暂无信息,GZ0002397715,东南,暂无数据,广州-花都,218.16㎡,5室2厅1厨2卫,125万,5730元/平
1998,祥兴新村,2016.05.26,简装,无,高楼层(共9层),暂无信息,GZ0001532132,东北,暂无数据,广州-荔湾,63.55㎡,3室1厅0厨1卫,65万,10229元/平
1992,钢琴厂宿舍,2017.01.19,简装,无,高楼层(共9层),,GZ0002234766,南,暂无数据,广州-荔湾,49㎡,2室1厅0厨1卫,52万,10490元/平
1997,新华路,2016.05.10,其他,无,中楼层(共8层),,GZ0001344183,暂无数据,暂无数据,广州-花都,76㎡,2室2厅0厨1卫,47万,6119元/平
2008,雅居乐锦城花间集,2016.09.30,其他,有,高楼层(共25层),暂无信息,GZ0001939990,南,暂无数据,广州-花都,75㎡,3室2厅0厨2卫,42万,5600元/平
2000,新丽苑,2016.11.14,其他,无,高楼层(共6层),,GZ0002003506,南 北,暂无数据,广州-荔湾,56.35㎡,2室1厅1厨1卫,52万,9229元/平
1999,广船鹤园小区,2017.10.12,其他,无,低楼层(共5层),,GZ0003111756,南,暂无数据,广州-荔湾,36.8㎡,2室1厅1厨1卫,30万,8153元/平
2010,合景天湖峰境,2018.06.27,其他,暂无数据,中楼层(共28层),暂无信息,GZ0003572614,南,暂无数据,广州-花都,170㎡,4室2厅1厨2卫,79万,4648元/平
2005,嘉逸华庭,2016.10.17,毛坯,无,高楼层(共8层),暂无信息,GZ0001861633,东北,暂无数据,广州-花都,154㎡,4室2厅0厨3卫,90万,5845元/平
2012,富力金港城东区,2016.10.24,其他,有,中楼层(共18层),暂无信息,GZ0002057655,北,暂无数据,广州-花都,48㎡,1室1厅1厨1卫,30万,6250元/平
1998,金宇花园,2016.06.21,其他,无,高楼层(共9层),暂无信息,GZ0001617267,东北,暂无数据,广州-荔湾,76㎡,3室2厅0厨0卫,80万,10527元/平
2010,富力金港城北区,2018.08.16,其他,有,中楼层(共11层),暂无信息,108400028347,南,暂无数据,广州-花都,133㎡,4室2厅1厨2卫,73万,5489元/平
2000,新丽苑,2017.01.17,简装,无,中楼层(共6层),,GZ0002196949,南 北,暂无数据,广州-荔湾,118㎡,3室2厅1厨1卫,119万,10043元/平
1994,芳华阁,2016.07.11,简装,无,高楼层(共9层),,GZ0001440506,东,暂无数据,广州-荔湾,125㎡,2室2厅0厨1卫,120万,9600元/平
1993,南洲花苑AB区,2016.01.22,其他,无,高楼层(共9层),,GZ0001272955,西北,暂无数据,广州-海珠,108㎡,3室2厅0厨2卫,87万,8056元/平
1997,广钢观鹤小区,2017.07.26,其他,无,高楼层(共8层),,GZ0002864269,南,暂无数据,广州-荔湾,72.2㎡,2室1厅0厨1卫,75万,10388元/平
未知,石溪村,2016.09.22,简装,暂无数据,高楼层(共4层),,GZ0001895402,南,满五年,广州-海珠,61.22㎡,2室1厅0厨1卫,55万,8984元/平
未知,合裕华亭,2017.08.14,其他,无,高楼层(共6层),暂无信息,GZ0002272985,南 北,暂无数据,广州-花都,50.23㎡,1室1厅0厨1卫,30万,5973元/平
1994,新港西路,2017.07.26,其他,有,低楼层(共1层),,GZ0002908041,南,暂无数据,广州-海珠,143.48㎡,6室3厅3厨3卫,170万,11849元/平
未知,荣盛商汇,2018.08.26,其他,有,低楼层(共6层),芒果公寓整座建筑呈环形排列，环抱3000平方米的园林绿化广场。公寓配有成熟的物业管理，独立的健身和娱乐会所，以及地下一层停车场幼儿园：京溪幼儿园、阳光家园幼儿园、同和中商场：荟萃购物广场、好又多超市、民润超市、此房源位为小区无噪音，舒适安静。房内简单的装修，客厅宽敞大方。通透户型采光好，小区内管理严格，住的舒适交通便利可注册公司,108200011979,南,暂无数据,广州-白云,41.62㎡,2室1厅0厨1卫,37万,8890元/平
1994,龙湾路,2016.10.10,简装,无,高楼层(共7层),暂无信息,GZ0001655435,南 北,暂无数据,广州-荔湾,64㎡,2室1厅1厨1卫,68万,10625元/平
2001,金华花园,2016.07.25,其他,无,中楼层(共9层),暂无信息,GZ0001861634,南,暂无数据,广州-花都,101㎡,3室1厅0厨1卫,63万,6238元/平
未知,侨雅苑(花都区),2018.01.05,其他,暂无数据,中楼层(共8层),暂无信息,GZ0003155818,南,暂无数据,广州-花都,95.02㎡,3室2厅1厨1卫,55万,5789元/平
未知,狮峰花园,2019.09.22,毛坯,有,高楼层(共12层),"小区户型住宅面积在84-121平方米之间，主要为两房两厅和三房两厅的户型，面积和普通单位面积一样大。小区设施小区有设停车场，实行人车分流，车位比例1:1.2生活配套楼下100米处有永兴市场，友田商场，狮岭综合市场,国际皮具城。交通情况小区出门100米既到狮岭主道，狮岭大道，各路公交车必经之路，715车人和站，23路东风日产，88路等房子是全新毛胚的四房，南向的，全新毛坯房子，户型方正，南向的采光好，舒适的大空间房子是毛胚的，南向的大四房，采光通透，适合一大家人居住.",108400607313,南,满两年,广州-花都,195.56㎡,4室2厅1厨3卫,114万,5824元/平
2010,富力金港城北区,2017.09.11,其他,有,低楼层(共11层),暂无信息,GZ0001903568,南,暂无数据,广州-花都,137㎡,4室2厅1厨1卫,52万,3796元/平
2010,合景天湖峰境,2020.01.12,毛坯,有,低楼层(共29层),合花都区本地住民，或新广州，广州户口且家庭名下广州无房花都区工作人群。工作自由，追求舒适居家环境的人群。房子是商品房，属于双房产证房源，购房人群需为①广州户口，已婚，家庭名下广州无房，②两名在广州有五年社保或纳税证明且名下广州无房者联名购买。此小区全部都不是普通住宅，无论洋房或者是别墅，都要打增值税的。首套税费为7.8%，二套税费为9.3%售房原因：业主套名额在广州买学位房，为的是小朋友读好书，是诚意出售五年唯一，格局好，采光好，南北透通,108400486571,北,满五年,广州-花都,114㎡,3室2厅1厨2卫,26万,2196元/平
未知,花都颐和山庄,2020.03.21,毛坯,有,低楼层(共9层),小区环境优美颐和幼儿园·9年义务教育都在小区内·小区基本生活齐全方便2005年建成，环境优雅，整个山庄绿化环境好，空气清新，治安严格，位置安静，视频监控小区：园林、停车场、泳池商场：万和购物广场、三和购物广场、宏佳购物广场；银行：建设银行、中国银行、农业银行、交通银行东南向，采光好，位置安静，电梯房,108400623594,东南,满五年,广州-花都,142.22㎡,3室2厅1厨2卫,90万,6329元/平
未知,鹤翎路,2016.09.23,其他,无,低楼层(共6层),,GZ0001728104,暂无数据,暂无数据,广州-荔湾,43㎡,1室1厅0厨1卫,47万,10814元/平
未知,美林湖贝沙湾,2017.02.11,其他,有,低楼层(共18层),暂无信息,GZ0002172193,南,暂无数据,广州-花都,132㎡,3室2厅1厨2卫,84万,6349元/平
2010,富力金港城北区,2017.09.11,其他,有,低楼层(共11层),暂无信息,GZ0002957323,南,暂无数据,广州-花都,137㎡,4室2厅1厨2卫,73万,5329元/平
未知,富力金港城南区,2019.07.05,精装,有,低楼层(共19层),配套设施：医疗：东成门诊综合：中国石化加油站中国电信花东营业厅中国移动中国联通食肆：回味鸡快餐厅金海岸酒家潮汕海鲜沙窝粥湛江乡下鸡饭店交通优势：公交、楼巴、自驾车等立体式交通网络1、地铁：三号线延长线机场南站、机场北站，九号线高增站2、公交：16路：金港城-胡忠医院708路：金港城-人和地铁站房子是业主一手买回来的，带精装修，室内保持的不错，墙面地板都没有损坏，配好家私电器即可入住小区楼巴接驳机场南地铁站,108400282164,北,满两年,广州-花都,84㎡,2室2厅1厨1卫,50万,5953元/平
2010,合景天湖峰境,2018.06.27,其他,暂无数据,中楼层(共28层),暂无信息,GZ0003567526,南,暂无数据,广州-花都,170㎡,4室2厅1厨2卫,79万,4648元/平
未知,富力金港城南区,2019.05.08,精装,有,中楼层(共19层),暂无信息,108400159026,北,暂无数据,广州-花都,80㎡,2室1厅1厨1卫,51万,6375元/平
未知,帝缘花园,2020.02.25,精装,无,高楼层(共7层),小区配套齐全，1公里内有校园，医院，超市，菜市场，公交站，购物广场，银行等，可以满足到业主的各种需求房子适合孕婴老幼，上班族，各种人群居住，房子在闹市区，有电梯，离医院近，旁边有幼儿园到高中都有，交通便利，可以满足到各类人居住房子没有抵押贷款，房产证在手，随时方便交易，业主置换房子，有心卖房此房电梯两房，总价低，户型方正，楼层好，配套齐全,108400867467,西南,满五年,广州-花都,59.8㎡,2室2厅1厨1卫,38万,6271元/平
2000,清华居,2016.03.26,其他,无,高楼层(共9层),暂无信息,GZ0001385003,西南,暂无数据,广州-白云,67㎡,2室1厅0厨1卫,59万,8732元/平
1988,芳村大道西,2016.03.19,简装,无,高楼层(共9层),,GZ0001433449,东北,暂无数据,广州-荔湾,37.1㎡,1室1厅0厨1卫,38万,10108元/平
1999,南翠苑,2016.11.27,简装,无,高楼层(共9层),暂无信息,GZ0002186271,东,暂无数据,广州-海珠,116㎡,3室1厅1厨1卫,121万,10432元/平
1995,金宇花园,2016.04.17,其他,无,高楼层(共9层),暂无信息,GZ0001263167,暂无数据,暂无数据,广州-荔湾,42㎡,2室1厅0厨1卫,44万,10472元/平
2006,碧桂园假日半岛映翠苑,2016.09.05,其他,无,低楼层(共6层),暂无信息,GZ0001819169,南,暂无数据,广州-花都,99㎡,3室2厅0厨2卫,55万,5556元/平
2000,桥中花园,2017.03.06,其他,无,高楼层(共9层),,GZ0002200531,南 北,满两年,广州-荔湾,80.09㎡,2室1厅1厨1卫,50万,6243元/平
未知,荣盛商汇,2019.11.17,其他,有,中楼层(共6层),出行便利，出门步行1000米即可到同和地铁口，方便又快捷，交通方便，各路公交车经过，地铁3号线经过同和站房子为税费如下：契税3%增值税５．３％土地增值税５％个人所得税１．５％芒果公寓整座建筑呈环形排列，环抱3000平方米的园林绿化广场。公寓配有成熟的物业管理，独立的健身和娱乐会所，以及地下一层停车场交通便利可注册公司装修好省装修费,108400794016,东,满五年,广州-白云,45.2㎡,1室1厅1厨1卫,40万,8850元/平
未知,从化商贸城,2019.11.14,简装,有,中楼层(共8层),,108400642875,东南,满五年,广州-从化,83.03㎡,3室2厅1厨1卫,75万,9033元/平
1998,冶炼厂宿舍,2016.02.29,简装,无,低楼层(共8层),,GZ0001281465,暂无数据,暂无数据,广州-黄埔,69㎡,2室1厅0厨1卫,68万,9783元/平
未知,新光百德广场,2019.06.09,精装,有,中楼层(共16层),,108400387630,西北,满两年,广州-从化,44.45㎡,1室0厅1厨1卫,39万,8774元/平
1999,文船生活区西区,2017.02.22,简装,无,低楼层(共6层),,GZ0002351027,南 北,暂无数据,广州-黄埔,85㎡,3室2厅0厨1卫,83万,9765元/平
1999,广州机械科学研究院有限公司宿舍,2016.01.21,简装,无,高楼层(共6层),暂无信息,GZ0001255382,南 北,暂无数据,广州-黄埔,89㎡,3室1厅0厨1卫,83万,9270元/平
2000,人盛大厦,2018.12.28,其他,无,高楼层(共9层),楼下配有银行，幼儿园，近市场，近纪念碑公园，一公里左右就到青云公园，近天桥。该房源很适合一家老小居住，高楼层，环境优美，房屋采光，通风各方面都不错，房子朝向南北通透。再者小区绿化有小区物管专人打理，环境绿化方面不用担忧；对于家里孩子教育方面小区处于的地理位置好，九年义务教育都在离家不到一公里的位置房源带业主精心装修，四房两厅带主卫，房间格局方正，采光通风很好，给自己和家人一个温暖舒适的家。此房源证过两年，产权清晰，三房两厅高层风景优美房屋采光通透,108400185842,南,满两年,广州-从化,138.9㎡,4室2厅1厨2卫,123万,8820元/平
未知,镇北路,2019.08.30,简装,暂无数据,中楼层(共8层),房子已过2年，免去增值税，只需要个人所得税及契税即可，共为2个税点。楼下多条公交线路，到从化14号线东风站只有2站即到，出行无忧。。。大2房，间为3房都可以，东西对流，大厅朝西，带前后阳台，合适安全。证过2年，大2房，间为3房都有可以，低层，总价低，生活配套齐,108400633102,西,暂无数据,广州-从化,62.62㎡,2室1厅1厨1卫,56万,8943元/平
1996,银农楼,2019.05.26,简装,无,中楼层(共7层),"小区门口100米有公交车站，距离地铁口1公里，配套齐全，三公里生活圈，有KTV,电影院，大型超市，网吧，各种餐饮店。出门40米就是广从公路，未来规划广从快速路，交通便利，105国道，出门广从线挥手即停广从车，以及衔接广州从化生活圈。房屋产权：房子为商品房70年产权税费金额：首套房11600元二套房：23200元此房满五不唯一红本在手，距离地铁口1公里，采光充足，交通便利",108400380220,西南,满五年,广州-从化,62.75㎡,2室2厅1厨1卫,53万,8447元/平
1999,回归路小区,2019.06.09,精装,有,中楼层(共8层),房屋权属：房子为商品房税费金额：满两年，免了增值税。首套，个税1，契税1.5；二套，个税1，契税3.全屋全新精装修，买家私加电，可拎包入住。业主装修很细心，无论地面，墙面，都是自己住的要求装修，很人性化。全新装修，三房两厅一卫一厨，没有暗房，采光好。格局方正，视野开阔，空气清新，中等楼层。此房满两年免重税，房子全新装修，无暗房，南北对流...,108400216715,南,暂无数据,广州-从化,94.36㎡,3室2厅1厨1卫,78万,8267元/平
1993,回归路小区,2019.03.12,简装,有,中楼层(共8层),,108400262424,西南,满五年,广州-从化,94.65㎡,3室2厅1厨1卫,70万,7396元/平
未知,七星路,2019.11.30,简装,无,中楼层(共5层),此位置步行到七星市场，只有两百米，离七星体育馆三百多米，到从化14号线江埔站只有1.2公里，细积单位卖一套少一套。房子是房改房，业主包上市费，按正常商品房过户，首套的话只有契税一点。房子南北对流，属于朝北向，厅大房也大，少了一个独立阳台，采光很好。房子证过五年唯一一套，南北对流，户型小巧实用，方正。。,108400432139,西南,暂无数据,广州-从化,46.74㎡,2室2厅1厨1卫,38万,8024元/平
2010,回归路小区,2019.03.04,其他,有,中楼层(共8层),,108400193388,南,满两年,广州-从化,80.33㎡,2室2厅1厨1卫,60万,7470元/平
未知,利泰花林湖畔,2019.06.07,毛坯,有,低楼层(共9层),,108400310236,南 北,满五年,广州-从化,101.87㎡,3室1厅1厨1卫,89万,8688元/平
1996,青云路,2019.04.19,简装,无,高楼层(共7层),暂无信息,108400177630,南 北,暂无数据,广州-从化,77.5㎡,3室1厅1厨1卫,67万,8646元/平
1996,龙井村,2019.04.11,简装,无,高楼层(共8层),从化区江埔医院，从化区中医医院，万和超市，河东市场，七星市场，步行约800米河提边散步。房子为商品房，已满5年，业主是唯一住房，税费比较低，不用增值税。此房已满5年，唯一住房，低税费，实用3房，生活便利。,108400277765,东南,暂无数据,广州-从化,82.75㎡,3室2厅1厨1卫,75万,9064元/平
未知,合景天峻广场,2019.02.21,其他,有,中楼层(共32层),首付不高：公寓首付5成单价低人群适宜：企业上班人群或者养老人群有自然生态公园此房现在为开发商收楼标准房子现在还没配置家私已配部分家电厨房的煤气管道已通该楼为14年拿地三房一卫一厨房户型北向望客厅直出阳台厨房侧边还有一个生活阳台户型实用此房为公寓三房中高楼层视野开阔采光好通风好,108400159769,北,暂无数据,广州-黄埔,90.18㎡,3室2厅1厨1卫,88万,9759元/平
1996,广从南路,2019.09.04,精装,无,中楼层(共6层),售房原因：业主不在这里工作，需要置换房屋现状：房子现在暂时没人住，看房提前预约随时可以看，业主随时回来签约楼下就有五。号。公，交、车站，广。从线。车站都是在楼下房子已经装修好，全新装修，家私家电都是新的，可以直接拎包入住此房在四楼，房间大，视野宽阔，交通便利，配套完善。,108400332392,南,满两年,广州-从化,119.5㎡,3室2厅1厨1卫,103万,8578元/平
1995,大同路(从化),2019.10.09,简装,有,中楼层(共8层),房屋阳台和房间向西，在客厅已经用板块，隔出一个小房间，户型实用。售房原因：业主售房变现。售房现状：目前房屋空置，看房方便，业主把钥匙委托在我们公司，业主随时可以签约。房屋产权：房子为商品房。税费：房屋满五唯一，首套仅需百份之一。此房过五唯一，业主名下一套房产税费低，总价低，即买即出租。,108400516941,西,暂无数据,广州-从化,41.94㎡,2室1厅1厨1卫,34万,8107元/平
未知,利泰花林湖畔,2019.06.27,毛坯,有,中楼层(共11层),暂无信息,108400419306,南 北,暂无数据,广州-从化,80㎡,2室2厅1厨1卫,71万,8850元/平
未知,银农楼,2019.12.28,其他,无,中楼层(共7层),,108400745814,东北,暂无数据,广州-从化,79.12㎡,3室2厅1厨1卫,65万,8216元/平
未知,桥东路,2017.01.02,简装,无,高楼层(共9层),暂无信息,GZ0002239083,南,暂无数据,广州-番禺,79㎡,2室2厅0厨1卫,56万,7089元/平
2012,利泰花林湖畔,2019.08.31,毛坯,有,中楼层(共11层),3房户型，南北对流，户型方正实用，南向望湖无遮挡，高层视野开阔主业早期是买房度假的，房子是一次性付款的，现在诚意出售此物业，有钥匙随时看房此房过5唯一，免交个人所得税，首套购房只需要缴纳1.5%的契税此房过5唯一，税费低，南北对流，格局方正，高层视野好,108400545738,南,满五年,广州-从化,99.83㎡,3室2厅1厨1卫,90万,9016元/平
2004,紫坭糖厂,2017.07.02,其他,无,高楼层(共7层),,GZ0002439238,南,满五年,广州-番禺,77㎡,2室2厅1厨1卫,37万,4741元/平
1994,解放村,2016.03.29,其他,无,高楼层(共9层),,GZ0001280889,暂无数据,暂无数据,广州-黄埔,102㎡,3室2厅0厨1卫,86万,8432元/平
1998,广州机械科学研究院有限公司宿舍,2016.03.31,其他,无,高楼层(共4层),暂无信息,GZ0001356086,南,暂无数据,广州-黄埔,70.06㎡,2室1厅0厨1卫,63万,8993元/平
1998,怡富尚苑,2016.03.10,其他,无,高楼层(共8层),暂无信息,GZ0001391753,西北,暂无数据,广州-白云,116㎡,3室1厅1厨1卫,90万,7759元/平
1997,墩美小区,2017.05.27,其他,无,高楼层(共9层),暂无信息,GZ0002603379,南 北,暂无数据,广州-黄埔,69.4㎡,2室1厅0厨1卫,58万,8358元/平
1984,港湾四村,2016.07.26,其他,无,高楼层(共5层),,GZ0001861728,南,暂无数据,广州-黄埔,42㎡,1室1厅0厨1卫,35万,8334元/平
1995,火电厂宿舍,2016.02.29,精装,无,中楼层(共6层),,GZ0001291584,南,暂无数据,广州-黄埔,97㎡,4室2厅1厨2卫,73万,7526元/平
未知,人盛巴厘天地,2020.03.23,毛坯,有,低楼层(共17层),"小区内有幼儿园，泳池，篮球场，绿化好，楼栋一层都有休息娱乐休闲区底层商铺、生活超市、教育机构，中西式餐厅、理疗馆、周涠超市联友购物商场；宜客多超市；美宜佳商圈神岗市场小区出门2.2公里地铁神岗站，出门挥手即停公交大巴，""主干道：沿S303华南快速一直向前行驶31.8公里、从钟落潭G105出口离开经（钟落潭收费站），右转进入G105，行驶17.2公里，稍向左转沿路直行400米即到巴厘天地楼层好，无遮挡，采光充足；生活配套设施完善环境优美，安静..",108400922967,东南,暂无数据,广州-从化,119.87㎡,3室2厅1厨2卫,106万,8843元/平
1999,美心商贸城,2017.03.31,其他,无,中楼层(共5层),暂无信息,GZ0002575007,东南,暂无数据,广州-番禺,48㎡,2室1厅1厨1卫,36万,7438元/平
1992,西丽路,2016.07.19,简装,无,中楼层(共7层),暂无信息,GZ0001696219,西北,暂无数据,广州-番禺,89㎡,3室1厅0厨1卫,67万,7506元/平
未知,新光百德广场,2019.05.26,精装,有,中楼层(共16层),距离地铁十四号线太平站只有200米，出门也是公交车站，门口也有多条往返广州从化大巴，此房户型方正，彩光通透，高层无遮挡，阳台，精装修，是情侣的好选择此房属于公寓房，近地铁，距离地铁只有200米，彩光通透,108400207628,东,满两年,广州-从化,45.39㎡,1室0厅0厨1卫,38万,8238元/平
1993,禺秀园,2016.07.17,简装,无,高楼层(共7层),,GZ0001479183,东,暂无数据,广州-番禺,161㎡,4室2厅0厨2卫,120万,7454元/平
未知,从化区青少年业余体校,2019.07.02,简装,无,高楼层(共5层),此房居家、求学都好选，文化氛围好！锻炼场地多，宜培养孩子的综合发展百米便是西街市场，公交站、广场，出行、买菜极为方便！楼下场地可免费停车，而且门口保安24小时轮流值班，安全有保障，同时还不用交物业管理费，很划算！此房在体校内，生活、学习、锻炼方便！采光好，视野开阔！,108400282390,南,满五年,广州-从化,76.77㎡,3室2厅1厨1卫,60万,7816元/平
1995,嘉华苑,2016.05.26,简装,无,高楼层(共9层),暂无信息,GZ0001289272,北,暂无数据,广州-白云,38.71㎡,2室1厅1厨1卫,32万,8267元/平
2006,余荫花园,2016.11.30,其他,无,高楼层(共8层),暂无信息,GZ0002195306,南,暂无数据,广州-番禺,85㎡,2室2厅0厨1卫,58万,6824元/平
2012,东湖映月,2016.05.31,其他,有,高楼层(共33层),暂无信息,GZ0001654177,南,暂无数据,广州-白云,139㎡,4室1厅0厨2卫,60万,4317元/平
1995,石桥新村,2017.03.10,其他,无,中楼层(共7层),,GZ0002296858,西北,暂无数据,广州-番禺,104㎡,3室2厅1厨1卫,76万,7308元/平
未知,紫坭糖厂,2017.02.16,其他,暂无数据,高楼层(共4层),暂无信息,GZ0002358879,南,暂无数据,广州-番禺,73.3㎡,2室2厅1厨1卫,30万,4093元/平
未知,大北路,2016.06.25,其他,无,中楼层(共7层),,GZ0001565801,南,暂无数据,广州-番禺,60㎡,2室1厅0厨1卫,30万,5000元/平
2019,合景天峻广场,2020.01.15,其他,有,高楼层(共25层),地铁14号知识城线：旺村站、距小区直线距离440米公交站地铁旺村站：345路;365路;370路;445路该物业四周配套齐，医院、便利店、市场、超市、商场等。环境好，空气清新合景天峻广场位于科学城北部，广州着重发展的中新知识城南起步区，是一大型综合体，将建成集酒店、Ihouse独立屋、高层洋房、小户型公寓、写字楼为一体的大型交通便利配套成熟小区安静环境好空气清新商品房,108400874295,北,满五年,广州-黄埔,34.53㎡,1室1厅1厨1卫,32万,9268元/平
1995,石桥新村,2017.03.20,其他,无,中楼层(共7层),,GZ0002289694,南,暂无数据,广州-番禺,118㎡,3室1厅0厨1卫,89万,7484元/平
1995,金碧小区,2016.05.23,其他,无,中楼层(共8层),暂无信息,GZ0001663606,东北,暂无数据,广州-黄埔,82㎡,2室1厅0厨1卫,59万,7171元/平
2000,回归路小区,2019.08.05,其他,无,高楼层(共8层),,108400479943,南,满五年,广州-从化,94.32㎡,2室2厅1厨1卫,61万,6468元/平
1996,汇雅花园,2016.04.13,其他,无,中楼层(共7层),,GZ0001582146,西南,暂无数据,广州-白云,65㎡,2室1厅0厨1卫,53万,8154元/平
2015,星海国际,2019.12.28,简装,有,中楼层(共9层),"格局方正，宽敞明亮，舒适宜人，采光通风好，间隔方正实用，保养干净，酒店式物业管理,装修保养好交通状况地铁三号线市桥站换乘公交车到达医院公交总站，共20多条公交线路：番20路B、番20路、番21路、番21路B、番27路、番51路。商场：华润万家、大润发超级市场、奥园广场医院：番禺医院邮局：番禺区邮局银行：工商银行。配套完善，交通方便，出门有公交车。",108400871988,南,满两年,广州-番禺,51.66㎡,1室1厅1厨1卫,36万,6872元/平
未知,花园路,2019.02.18,其他,无,中楼层(共7层),,108400220250,西南 东北,满五年,广州-从化,113.55㎡,3室2厅1厨2卫,98万,8631元/平
1990,解放路(番禺),2017.04.22,其他,无,中楼层(共6层),暂无信息,GZ0002610424,南 北,暂无数据,广州-番禺,89.6㎡,3室1厅1厨2卫,61万,6809元/平
2005,番禺海伦堡花样年华三期,2019.08.24,精装,有,高楼层(共18层),"售房原因：腾出购房资质！业主自住，看房方便！抵押情况：产权清晰，无抵押！商场美食：奥园广场，荔园新天地，大润发，哈街等公园：南区公园，交通：番15,番27，番30，番6，番7，番3，番108等市场：南郊市场，西区市场银行：工商银行，建设银行，中国银行，邮政银行等花样三期是海伦堡地产在番禺桥南板块开发的新一期电梯楼，将潮流和年轻的设计元素融入到厚重的城堡文化中，欧洲品味生活模式。中高楼层，视野开阔，采光充足，东向望江景",108400549492,东南,暂无数据,广州-番禺,125.19㎡,3室2厅1厨2卫,90万,7190元/平
2011,广东动漫城,2019.09.08,精装,有,低楼层(共11层),刚需小户型，复式公寓，户型方正，采光充足，格局通透，明厨明卫。广东动漫城位于广从北路北侧从化动漫产业园内，是经政府主管部门批准建设的大型文化产业项目，并通过专业化的市场运营与管理，立足广州，带动全省，辐射全国，形成国内颇具规模的动漫游戏、创意文化..G105国道横贯园区，园区联通广从轻轨、京珠高速、街北高速、机场高速、华南快速等便捷的交通网络，310条广州往返从化班车线路途经园区竹料路口站，从化市5号线公交线，地铁14号线小户型复式公寓户型方正采光充足格局通透,108400569265,北 东,满两年,广州-从化,54㎡,2室2厅1厨1卫,38万,7038元/平
未知,大东路,2016.10.31,其他,无,中楼层(共8层),暂无信息,GZ0001975016,北,暂无数据,广州-番禺,121㎡,3室2厅1厨2卫,87万,7116元/平
未知,广东动漫城,2020.03.14,简装,有,中楼层(共11层),刚需小户型，公寓，户型方正实用，采光也很充足，格局通透，户型方正。广东动漫城位于广从北路北侧从化动漫产业园内，是经政府主管部门批准建设的大型文化产业项目，并通过专业化的市场运营与管理，立足广州，带动全省，辐射全国，形成国内颇具规模的动漫游戏、创意文化小区位于G105国道旁，园区联通广从轻轨、京珠高速、街北高速、机场高速、华南快速等便捷的交通网络，广州往返从化班车线路途经园区，从化市5号线公交线，地铁14号线赤草站距离小区1200米小户型单身公寓户型方正采光充足格局通透,108400788842,南,满五年,广州-从化,40㎡,1室0厅1厨1卫,23万,5750元/平
2019,合景天峻广场,2020.01.06,毛坯,有,高楼层(共25层),房源毛坯布局合理户型方正实用适合居住和办公通风采光好适合年轻奋斗拼搏的上班一族，小区未来入住人群大多都是年轻工作者，住同一栋楼都可以感受到努力的氛围有大型生活商圈，生活配套齐，而且医院、美宜佳便利店、肉菜市场、华润超市、快餐厅、购物商场等一应俱齐。房格局方正，并且大单间配有独立洗手间，中高层通风采光好，适合公司办公使用和居住合景天峻广场地理位置科学城北部，广州政府发展的中新知识城南起步区，是大型综合体，未来计划建成集酒店、Ihouse独立屋、高层洋房、小户型公寓、写字楼为一体的大型综合体楼龄比较新，这个房子楼层位置在中高层，可视视野宽大,108400372360,北,满两年,广州-黄埔,35.5㎡,1室0厅1厨1卫,31万,8733元/平
2002,西城苑,2016.10.25,简装,无,高楼层(共9层),暂无信息,GZ0001943231,东南,暂无数据,广州-白云,47.5㎡,2室1厅0厨1卫,41万,8632元/平
1992,大西路,2016.12.19,其他,无,高楼层(共7层),,GZ0002195783,南 北,满五年,广州-番禺,90㎡,2室2厅1厨1卫,66万,7334元/平
2013,新光百德广场,2019.01.29,其他,有,高楼层(共16层),新光百德广场位于从化板块2009年建成大开发商物业管好人文环境好北边有超市，南边有好又多超市，万达等商场，娱乐购物一体化享受，给你享受般的体验。生活配套成熟养好户型方正采光好，通风好，带阳台优质地板加上高品质家私家电装修新光百德广场格局好交通方便,108200014872,东南,暂无数据,广州-从化,56.8㎡,1室1厅1厨1卫,41万,7219元/平
1999,春庭花园,2019.11.25,简装,无,低楼层(共2层),交通便利，从小区门口步行400米，有268、223、831、927、38、424、805、66、76等多条线路公交车经过元下田公交站，小区门口步行1200米可到地铁3号线白云大道北站。小区环境好，有花园，地处白云山脚下，空气清新，环境宜人，安静舒适，小区的人文素质好，有着良好的氛围。简单装修，保养很好，一直都是租客在住，粉刷即可以拎包进去住了，简单舒适。此房是春庭花园公寓，低层，适合出租，免重税,108400661427,西北,满五年,广州-白云,26.27㎡,1室0厅1厨1卫,22万,8375元/平
1999,榕溪花园,2017.05.14,其他,无,高楼层(共8层),暂无信息,GZ0002447926,南,暂无数据,广州-白云,60㎡,2室1厅1厨1卫,50万,8334元/平
未知,环城西路,2017.02.21,其他,无,中楼层(共5层),暂无信息,GZ0002324172,南,暂无数据,广州-番禺,53㎡,2室1厅0厨1卫,37万,6887元/平
2012,东湖映月,2019.06.30,精装,有,中楼层(共33层),此房是一手业主，装修是开发商装修，精装修，格局方正，采光通透有菜市场，超市，教育培训机构，美容院，水果店，理发店，游泳池，餐饮，医院等配套龙兴路总站，途经线路包括途656路、652、529路、563路、701路、833路、837路。地铁：地铁3号线延长线龙归站，距其直线距离800米证过2年小区绿化好有湖有园林交通便利户型方正,108400193110,南,满两年,广州-白云,140㎡,4室2厅1厨1卫,120万,8552元/平
1993,三元里大道沙涌南村南大街,2017.05.26,简装,无,中楼层(共9层),,GZ0002590675,北,暂无数据,广州-越秀,51.77㎡,2室1厅1厨1卫,75万,14488元/平
1998,市桥大南路,2016.12.08,简装,无,低楼层(共3层),暂无信息,GZ0002226516,南,暂无数据,广州-番禺,78.7㎡,3室1厅1厨1卫,58万,7281元/平
未知,南康新村,2019.08.07,精装,有,高楼层(共11层),三房两厅一卫.一厨设计，间隔方正，实用，房间带飘窗阳台大装修好光线好开发商的精装修，纸皮砖外墙，瓷砖地板装修，简单装修，保养新。菜市场，公交车站，超市.幼儿园.篮球场.步行街.水果市场，商场.酒店。采光好配套成熟格局方正电梯三房装修好直接可以入住。,108400365701,西北,暂无数据,广州-黄埔,90.92㎡,3室2厅1厨1卫,40万,4400元/平
1999,松涛北苑,2017.09.22,其他,无,中楼层(共5层),,GZ0003012561,南,暂无数据,广州-白云,53.51㎡,2室1厅1厨1卫,38万,7102元/平
未知,荣盛商汇,2019.10.23,简装,有,低楼层(共6层),小户型交通便利房子装修比较好，也漂亮，墙面又新，保养好，业主重新装修了房子配套多，超市、便利店、美容会所、银行等等。买生活用品方便。都有生活超市配备出行便利，出门步行1000米即可到同和地铁口，方便又快捷，交通方便，各路公交车经过，地铁3号线经过同和站，也多。,108200059910,东,暂无数据,广州-白云,45㎡,2室1厅1厨1卫,39万,8667元/平
未知,荣盛商汇,2018.07.19,简装,有,低楼层(共6层),芒果公寓整座建筑呈环形排列，环抱3000平方米的园林绿化广场。公寓配有成熟的物业管理，独立的健身和娱乐会所，以及地下一层停车场。幼儿园:京溪幼儿园、阳光家园幼儿园、同和中商场：荟萃购物广场、好又多超市、民润超市。此房源位于小区无噪音，舒适安静。房内简单的装修，客厅宽敞大方。通透户型，采光好，小区内管理严格，住的舒适。交通便利可注册公司40年,108200011923,南,暂无数据,广州-白云,42.64㎡,2室1厅1厨1卫,34万,7974元/平
1999,春庭花园,2019.01.12,简装,无,低楼层(共2层),,108400025611,北,满五年,广州-白云,26.8㎡,1室0厅1厨1卫,21万,7836元/平
1997,夏园大厦,2016.05.27,简装,无,中楼层(共9层),,GZ0001655101,南,满五年,广州-黄埔,88㎡,3室2厅0厨1卫,82万,9262元/平
1997,墩美小区,2016.08.30,简装,无,高楼层(共9层),暂无信息,GZ0001281731,东,暂无数据,广州-黄埔,68㎡,2室2厅0厨1卫,50万,7353元/平
1992,麓景路,2016.02.26,简装,无,低楼层(共8层),暂无信息,GZ0001281311,东,暂无数据,广州-越秀,52.94㎡,2室1厅0厨1卫,77万,14545元/平
1997,东涌路,2017.02.25,其他,无,低楼层(共3层),暂无信息,GZ0001508559,西,暂无数据,广州-番禺,40㎡,2室1厅1厨1卫,22万,5500元/平
未知,光明南路,2016.02.29,其他,无,中楼层(共7层),暂无信息,GZ0001385865,暂无数据,暂无数据,广州-番禺,79.8㎡,3室2厅0厨2卫,48万,6016元/平
1997,交通综合大楼,2016.09.09,其他,无,低楼层(共9层),暂无信息,GZ0001935733,南 北,暂无数据,广州-番禺,96.5㎡,3室2厅1厨2卫,65万,6736元/平
1990,大北路,2016.06.19,简装,无,高楼层(共6层),,GZ0001767548,南,暂无数据,广州-番禺,71.4㎡,2室1厅0厨1卫,50万,7003元/平
1995,华丰大厦,2016.05.22,其他,无,低楼层(共2层),,GZ0001386020,北,暂无数据,广州-番禺,93.1㎡,3室2厅0厨1卫,68万,7304元/平
1993,沙浦远洋宿舍,2016.06.18,简装,无,中楼层(共5层),暂无信息,GZ0001508577,暂无数据,暂无数据,广州-黄埔,47㎡,1室1厅0厨1卫,30万,6277元/平
未知,荣盛商汇,2019.12.21,简装,有,低楼层(共6层),配套多，超市、便利店、美容会所、银行，买用品方便，都有超市配备适宜有闲钱买来收租，单身公寓，新婚夫妻，甜蜜小情侣。。。。。出行便利，楼下有公交站，出门步行1000米即可到同和地铁口，方便又快捷，交通方便，各路公交车经过，地铁3号线经过同和站。小户型，格局方正，交通便利，可注册公司,108400856078,东南,满五年,广州-白云,52.93㎡,1室1厅1厨1卫,37万,6991元/平
1997,墩美小区,2016.04.30,其他,无,高楼层(共9层),暂无信息,GZ0001343712,南 北,暂无数据,广州-黄埔,70㎡,2室2厅0厨1卫,58万,8286元/平
未知,回归路小区,2020.01.09,其他,暂无数据,高楼层(共8层),有5.号.线公交车，广从线上下车站点，广州14号.地.铁.线太平站或新和站新光百德广场、内设生活超市、KTV、影院、餐饮、KFC、网咖等。北回归线国家景点公园、太平镇步行街、四大银行、镇级医院，生活超市等。向西是村庄、荔枝园房屋产权夫妻共同拥有，房子为商品房。税费：个人所得税1%首套情况下契税1.5%二套3%此房满两年，没贷款，户型方正，视野好。,108400928839,东南,满两年,广州-从化,81㎡,2室1厅1厨1卫,47万,5741元/平
1994,广园西路,2017.05.15,其他,无,中楼层(共9层),,GZ0002653261,南 北,暂无数据,广州-越秀,74.14㎡,2室2厅1厨1卫,107万,14433元/平
未知,大北路,2016.12.09,其他,无,高楼层(共6层),,GZ0002279888,南,暂无数据,广州-番禺,120.5㎡,4室2厅1厨1卫,73万,6059元/平
未知,万科金色梦想,2020.01.10,简装,有,地下室,业主不在萝岗发展了，房子已售。。。。。。。。。。。。。。。。。。。。业主不在萝岗发展了，房子已售。。。。。。。。。。。。。。。。。。。16栋的车位，负一层，距离电梯口近。。。。。。。。。。。。。。。。。业主不在萝岗发展了，房子已售。,108400712237,北,暂无数据,广州-黄埔,12㎡,车位,11万,8750元/平
2019,合景天峻广场,2019.12.24,毛坯,有,高楼层(共25层),该房子是毛坯，户型没有改动，通风采光好，适合办公与住家，布局合理布局合理，户型方正。采光及通风都好，办公来说让人觉得舒适，办公与居住也是在享受地铁14号知识城线：旺村站、距小区直线距离440米公交站地铁旺村站：345路;365路;370路;445路该物业四周生活配套齐，医院、便利店、市场、超市、餐厅、商场等。环境好，空气清新合景天峻广场位于科学城北部，广州着重发展的中新知识城南起步区，是一大型综合体，将建成集酒店、Ihouse独立屋、高层洋房、小户型公寓、写字楼为一体的大型交通便利配套成熟小区安静环境好空气清新商品房性质：办公,108400270901,北,满五年,广州-黄埔,34.53㎡,1室0厅1厨1卫,31万,8978元/平
未知,荣盛商汇,2019.07.11,简装,有,低楼层(共6层),公寓一公里内配套齐全，大型超市、便利店、美容会所、银行，菜市场等等，生活便利。此房源位为小区无噪音，舒适安静。房内是精装修的，宽敞大方。通透户型采光好，小区内管理严格.芒果公寓整座建筑呈环形排列，公寓配有成熟的物业管理，以及地下负一层停车场。楼下就有公交总站接驳3号线同和地铁站。带产权总价低上车好盘望花园安静不吵交通便利,108400449213,西,满五年,广州-白云,52.13㎡,2室1厅1厨1卫,36万,6810元/平
未知,荣盛商汇,2019.12.09,精装,有,低楼层(共6层),公交车：白云农批市场站，途经线路包括201路、808A路、501路、241路、72路、884路。地铁：地铁3号线同和站。此房源位为小区无噪音，舒适安静。房内是精装修的，宽敞大方。通透户型采光好，小区内管理严格，住的舒适复式两层芒果公寓整座建筑呈环形排列，环抱3000平方米的园林绿化广场。公寓配有成熟的物业管理，独立的健身和娱乐会所交通便利可注册公司配套成熟,108400816852,东南,满五年,广州-白云,62.36㎡,3室1厅1厨1卫,52万,8339元/平
未知,北京路,2016.09.30,毛坯,无,低楼层(共5层),,GZ0001479132,南,暂无数据,广州-越秀,22.8㎡,1室1厅1厨1卫,28万,12281元/平
1999,王圣堂,2017.08.05,其他,有,高楼层(共9层),,GZ0002881880,南 北,暂无数据,广州-越秀,75.36㎡,2室1厅1厨1卫,92万,12209元/平
1990,解放北路(越秀区),2016.06.16,其他,无,中楼层(共9层),,GZ0001651592,东,暂无数据,广州-越秀,31.68㎡,1室0厅0厨1卫,40万,12627元/平
1994,瑶台公安宿舍,2016.11.05,精装,无,高楼层(共7层),,GZ0002196020,南 北,满五年,广州-越秀,67㎡,2室1厅1厨1卫,85万,12687元/平
1996,粮油宿舍,2017.05.21,简装,无,中楼层(共9层),暂无信息,GZ0002721447,南,暂无数据,广州-白云,86㎡,3室2厅0厨1卫,108万,12468元/平
未知,站西路,2017.07.11,其他,无,中楼层(共7层),,GZ0002799358,南,暂无数据,广州-荔湾,91.06㎡,3室1厅1厨1卫,113万,12410元/平
未知,三元里大道洪荫街,2017.11.18,其他,暂无数据,高楼层(共9层),暂无信息,GZ0003064275,东南,暂无数据,广州-越秀,43㎡,1室1厅0厨1卫,62万,14419元/平
未知,沙河镇政府宿舍,2017.06.04,其他,无,中楼层(共8层),暂无信息,GZ0002766094,东南,暂无数据,广州-天河,84㎡,2室2厅0厨1卫,105万,12500元/平
2000,明泉花园,2017.10.03,其他,无,中楼层(共9层),暂无信息,GZ0003122288,东,暂无数据,广州-越秀,53㎡,2室1厅1厨1卫,69万,13019元/平
1993,大德路,2016.07.25,简装,无,高楼层(共9层),,GZ0001807039,南,暂无数据,广州-越秀,55.46㎡,2室1厅0厨1卫,77万,13884元/平
未知,王圣堂,2018.04.15,其他,无,高楼层(共9层),,GZ0003850690,南 北,暂无数据,广州-越秀,67㎡,2室1厅1厨1卫,94万,14030元/平
1998,新荔湾花园,2017.07.29,其他,无,中楼层(共8层),,FS0002781953,东南,满五年,广州-南海,67.68㎡,2室1厅1厨1卫,101万,14820元/平
未知,瑶台朝阳七巷,2019.09.29,简装,暂无数据,低楼层(共3层),"装修现状：装修节省预算；简装拎包入住；保养良好，配套齐全，有菜市场、公园、不临街孕婴老幼：人文环境好首付不高：适合总价不多的小两口家有老人：楼层较低，配套齐全，有菜市场、公园、不临街房龄：房龄旧配套成熟楼层结构：低楼层，方便老人小孩居住格局：南北对流，格局方正通透格局，大院管理，楼层好,配套设施齐全，交通便利",108400219591,南,满两年,广州-越秀,41.1㎡,1室1厅1厨1卫,55万,13382元/平
未知,时代糖果一期,2020.01.18,简装,有,高楼层(共14层),金沙洲幼儿园、横沙幼儿园、洲村幼儿园、糖果一期内幼儿园、里水幼儿园、胜利幼儿园。商场：永润广场、家乐福、好又多、永乐电器、国美银行：工商银行、农村信用社、农业银行、建设银行、中国银行小区介绍：属于中型社区，环境优美，出入方便配套成熟。优良地段，交通方便，人文素质高。建筑类型多样，新颖大方，功能合理，视野良好。金沙洲幼儿园、交通出行：与金沙洲大桥，内环路相接，环城高速，广佛高速，佛山一环快速连接珠三角。公交：974、里10、广夜91、广657、等。其中974、广657..本房是57平方的1+1实用户型，直出阳台，户型方正生活便利配套成熟本房户型方正产权清晰过5唯一采光好,108400921734,东北,满五年,广州-南海,57㎡,2室1厅1厨1卫,100万,17457元/平
2006,白天鹅花园,2020.03.08,简装,无,中楼层(共8层),多又惠超市(黄岐店)、中国农业银行、诚大超市、和兴超市、沙溪公园白天鹅花园：210a路;佛230路;佛276路;沥07路;沥18路。此房源装修漂亮，东向，客厅、房间、厕所采用了防滑瓷砖地板，门窗完整，白色墙体。一房一厅采光良好,108300009516,东,暂无数据,广州-南海,49㎡,1室1厅0厨1卫,58万,11837元/平
2003,沙面新城,2019.09.24,简装,无,高楼层(共8层),海北综合市场，沙溪市场，白沙市场，便利店，沙面幼儿园，农业银行，国昌城市广场，黄岐医院。公交路线：广205路，广277路，广132路，沥07路，沥08路，桂19路等此单位简单装修、干净舒适、通风好、白色墙身，洗手间、厨房都贴防滑地砖。实用三房成熟小区,108300000462,南,暂无数据,广州-南海,105㎡,3室2厅1厨2卫,151万,14350元/平
2015,万科四季花城悦山美筑,2019.12.11,毛坯,有,地下室(共1层),适合老人小孩居住，环境优雅舒适，空气清新淡雅...............地铁6号线276路、283路、12路、高峰30路万科四季花城常年青山绿水百花争放全年无黄真正的花园小区!小区门口有去往广州以及佛山中心区的各路公交车以及6号线浔峰岗地铁口万科四季花城金沙洲大好成熟的小区!小区占地面积60万,108400837582,南,暂无数据,广州-南海,15㎡,车位,8万,5334元/平
2006,白天鹅花园,2018.12.14,其他,无,低楼层(共8层),暂无信息,108400104522,东,暂无数据,广州-南海,72.7㎡,2室1厅1厨1卫,102万,14003元/平
2016,新荔湾花园,2019.12.21,精装,暂无数据,高楼层(共8层),此房源为房东精装修，客厅、房间、厕所都采用了防滑瓷砖地板，厨房采用了简单橱柜。白天鹅花园站：广132路，广789路，广653路，210路，佛230路，佛276路，沥18路，沥07路，等等。沙面新城站：广277路新荔湾幼儿园、沙面幼儿园、沙溪幼儿园!综合商场:多又惠超市、华润万家、苏宁电器、梁植伟纪念医院银行:中国银行、中国工商银行、中国建设银行、中国农业银行嘉洲广场、万达广场、麦当劳、肯德基、黄岐食街、黄岐步行街格式方正，业主意心出售，南北对流，采光好。,108400718782,西北,暂无数据,广州-南海,73.73㎡,2室2厅1厨1卫,90万,12207元/平
2010,万科四季花城悦山美筑,2019.08.10,其他,有,地下室(共1层),暂无信息,108400603952,西,暂无数据,广州-南海,28.83㎡,车位,12万,4163元/平
2012,中海金沙湾B区,2018.12.14,其他,有,地下室(共1层),暂无信息,108400141748,东 南,暂无数据,广州-南海,28㎡,车位,17万,6072元/平
2005,中海金沙湾B区,2018.11.22,精装,有,高楼层(共33层),此房子是2009年收楼的，户型比较方正，厅出阳台，阳台可看江，高层东北向，景观开阔，实用率比较高货款抵押：约20万货款，工商银行业主可自己还银行贷款，因置换，客户确定要，业主立刻申请还款可进行交易售房原因：一手业主，因置换大房子出售该物业现状：现在是业主父母在住，随时可签合同要求：按政策付款即可此房子是证过5年免重税，户型方正，一线江景，,108400119856,东北,暂无数据,广州-南海,1046㎡,3室2厅1厨1卫,270万,2582元/平
2010,中海金沙湾B区,2019.01.05,其他,有,地下室(共1层),暂无信息,108400119949,东,暂无数据,广州-南海,28.08㎡,车位,20万,7052元/平
未知,新荔湾花园,2020.03.22,简装,有,中楼层(共8层),新荔湾幼儿园、沙面幼儿园、沙溪幼儿园!综合商场:多又惠超市、华润万家、苏宁电器、梁植伟纪念医院银行:中国银行、中国工商银行、中国建设银行、中国农业银行嘉洲广场、万达广场、麦当劳、肯德基、黄岐食街、黄岐步行街此房源客厅、房间、厕所都采用了防滑瓷砖地板，厨房采用了简单橱柜白天鹅花园站：广132路，广789路，广653路，210路，佛230路，佛276路，沥18路，沥07路，等等。沙面新城站：广277路望江单位方正户型通风采光好地段繁华近广州,108400991381,南,暂无数据,广州-南海,38㎡,1室1厅1厨1卫,39万,10132元/平
未知,万科四季花城俪姗美筑,2020.02.13,精装,有,中楼层(共16层),门口就是公交总站，每班车都可以直达浔峰岗地铁站，抵达地跌仅两站公交该房子税费为3个点，.......房子无欠款，交易安全，随时过户。此房子户型为。两房两厅一厨一卫。户型方正，格局通透！........此物业满两年，税费低！户型方正，带入户花园，实用面积大！。。,108400738871,北 东北 西南,满两年,广州-南海,73.1㎡,2室2厅1厨1卫,128万,17511元/平
2003,沙面新城,2018.08.15,其他,无,中楼层(共8层),"万达广场，白沙市场，海北综合市场，国昌城市广场，黄岐医院，农业银行，中国银行，建设银行！沙面新城站公交线路如下：广205路,广132路，广277路，快线57路，桂19路，沥08路，沥07路等简单装修，客厅地面铺地砖，墙身刷白色乳胶漆，卫生间厨房地面铺防滑地砖，墙身贴瓷片。环境优美交通便利",108300011794,西,暂无数据,广州-南海,79.07㎡,2室1厅1厨1卫,118万,14873元/平
2015,中海金沙湾C区,2019.05.10,其他,有,地下室(共1层),暂无信息,108400119930,东,暂无数据,广州-南海,28.24㎡,车位,16万,5666元/平
2003,沙面新城,2018.08.06,简装,无,中楼层(共8层),"小区带有各种生活、休闲、娱乐配套设施的金沙洲一号，小区环境舒适适宜长久居住，会更能满足广佛客户享受舒适生活的要求。一桥之隔有百货、超市、银行、饮食，以及比较丰富的零售业，生活比较方便，项目还有江岸线，黄岐健身广场，适合饭后散步。白沙市场，海北综合市场，国昌城市广场，黄岐医院，农业银行，中国银行，建设银行！沙面新城站公交线路如下：广205路,广132路，广277路，快线57路，桂19路，沥08路，沥07路等房子是以前自己装修过的白色瓷砖墙体是乳白色的没有装防盗网双阳台南北通透证过五年看花园",108300011187,北,暂无数据,广州-南海,79㎡,2室1厅1厨1卫,117万,14811元/平
2016,星港城,2019.06.14,毛坯,有,高楼层(共20层),公交车：金沙洲总站、金沙洲路站、中海金沙湾总站，途经线路包括205路、283路、夜54路、42路..可做两房一厅和办公室，中高楼层，东向，视野宽阔，阳光足，宜居宜商的好选择现在毛坯状态，业主已经把电路都接通，隔层也搞好了，稍微小搞就可入住此房带有不动产权证，位于万达广场商圈，人流旺,108400125547,东,暂无数据,广州-南海,56.43㎡,2室1厅1厨1卫,55万,9747元/平
2010,时代糖果一期,2019.12.12,简装,有,低楼层(共14层),,108400630650,东北,满两年,广州-南海,56.99㎡,1室1厅1厨1卫,95万,16670元/平
2009,中海金沙湾C区,2019.01.12,其他,有,地下室(共1层),交通状况：公交：公交车：金沙洲总站、金沙洲路站、中海金沙湾总站，途经线路包括205路、283路、夜54路、42路、424路、429路、429A路、885路。看中海金沙湾至广州城区的交通四通八达，目前可经金沙洲大桥直通广州市内环路，也可向南通过珠江大桥医院：广州中医药大学附属骨伤科医院第二门诊部、黄岐医院银行：农业银行、工商银行、中国银行、招商银行、建设银行4.餐饮：城西公园足球场本地块位于广佛交界区域，隶属佛山市南海区黄岐镇。地块东北与广州金沙洲相接，与广州老城区-荔湾区地带直线距离仅数公里。东面临珠江水系江岸线约800米，江畔社区占地620亩，规模优势明显车程可辐射广州主城区城西生态圈，自然环境优美车位使用率高，户型正，价格便宜，业主诚意放卖,108400142747,东南,暂无数据,广州-南海,28.08㎡,车位,20万,6981元/平
未知,中海金沙湾C区,2019.01.18,其他,有,地下室(共1层),暂无信息,108400128581,东,暂无数据,广州-南海,28.24㎡,车位,15万,5312元/平
1998,解放北路(增城区),2019.10.21,简装,无,高楼层(共9层),售房原因：业主把房子卖掉重新装修自己别墅房屋状态：目前是空置状态，这房子一直都是业主住，之后业主出租的本小区在新塘解放北路，小区属于建行宿舍来，楼下有保安看管大楼。目前住的人大部分都是建设行业的内部员工，小区地段好，购物方便，读书方便房屋产权：商品房税费：证过五年不是唯一免征增值税产权：清晰没有贷款次房证满五年不是唯一物业，税费少，业主没有按揭，交易快,108400191133,南,满五年,广州-增城,125.9㎡,3室2厅2厨2卫,97万,7665元/平
2011,翡翠绿洲森林半岛,2016.04.17,简装,有,低楼层(共22层),暂无信息,GZ0001281468,西,暂无数据,广州-增城,149㎡,3室2厅0厨2卫,125万,8390元/平
2011,翡翠绿洲森林半岛,2016.08.04,精装,有,低楼层(共22层),,GZ0001388101,东,满五年,广州-增城,190㎡,4室2厅0厨2卫,167万,8764元/平
未知,西城路(增城区),2019.12.29,精装,暂无数据,高楼层(共7层),有幼儿院，市场超市广场医院诊所公交站公园，娱乐饮ktv酒店。出门约三百米就有公交车站，出行方便，每天约发车班次约二十班。此房是五年唯一没有按揭，税费低，属于增城中区位置，地理位置好，交通方便，配套齐全。该房子属于精装修，整体保养不错，户型方正，三面彩光，南北对流，通透性也不错。实用户型采光好环境好南北对流交通方便该房子属于精装修，整体保养不错，户型方正，采光好，通透性也不错。实用户型采光好环境好南北对流交通方便,108400897157,东南,满五年,广州-增城,90.37㎡,3室2厅1厨2卫,79万,8720元/平
未知,合景誉山国际,2019.10.30,简装,暂无数据,低楼层(共9层),合景誉山国际是集酒店、会展、购物城、写字楼、住宅于一身的3000综合型项目。合景誉山国际分五个期开发，首期包括酒店、会展、购物、写字楼和住宅，建筑面积超过30万，投入约30亿~35亿元。洋房户型产品较多样化；小区内新建麦当劳，2万方购物商场，电影院现在已经招商。小区内有私立清华万博，有开发区和永宁公立教育机构小区楼下是371路公交及小区楼吧站，小区内穿梭吧，楼吧通往黄村地铁站及宏发大厦，新塘地铁站大润发，香雪地铁站誉山国际公寓，户型方正，三房两厅，成熟配套组团，,108400715132,西 北,暂无数据,广州-增城,93.13㎡,3室2厅1厨1卫,78万,8376元/平
1996,粮油宿舍,2017.06.18,简装,无,高楼层(共9层),暂无信息,GZ0002264064,暂无数据,暂无数据,广州-白云,67.18㎡,2室1厅0厨1卫,75万,11120元/平
1993,飞鹅路,2017.04.10,简装,无,高楼层(共9层),暂无信息,GZ0002192619,东南,暂无数据,广州-白云,80.52㎡,3室1厅0厨1卫,96万,11861元/平
1990,北站路,2017.08.27,简装,无,高楼层(共9层),暂无信息,GZ0002325530,南,暂无数据,广州-越秀,36㎡,2室1厅1厨1卫,43万,11945元/平
1993,广园西路,2017.08.18,简装,无,中楼层(共9层),,GZ0002879747,南,暂无数据,广州-越秀,50㎡,1室1厅1厨1卫,57万,11400元/平
2011,翡翠绿洲育才阳光苑,2016.05.16,毛坯,有,中楼层(共11层),暂无信息,GZ0001554175,南,暂无数据,广州-增城,160㎡,4室2厅0厨2卫,80万,5000元/平
1991,帝园路,2019.04.15,其他,无,高楼层(共6层),这房子没有抵押，手续简单方便，业主想置换，所以业主也是诚心出售。有超市，广场，卖衣服的集散地，有四大银行的柜员机，都是在400米到600米之前，繁华路段127米就有公交站，2.4公里就有地铁，一公里就有加油站，出行更方便。该房三房两厅，房间较大，阳台向南，通风透气，中高楼层光线充足。证够两年，税费低，南北对流，大三房,108400145966,南,满两年,广州-增城,123.88㎡,3室2厅1厨1卫,108万,8719元/平
未知,塘园中路,2020.03.06,简装,暂无数据,高楼层(共8层),此房在荔城主城区，出门约百米就有公交车总站，出行方便，每天发车增城各镇街。格局清晰，三房，中高楼层，实用户型，中等装修可以根据自己的喜好装修挂绿广场，妇幼保健院富鹏市场儿童公园，此房旁边就有幼儿院，市场超市广场医院诊所公交站公园，娱乐饮ktv酒店。生活所需一应俱全，此房满五唯一，交通便利，荔城主城区生活圈，三房格局,108400766631,西,暂无数据,广州-增城,113.05㎡,3室2厅1厨1卫,78万,6900元/平
未知,滨海花园(增城),2020.03.22,简装,无,高楼层(共8层),适宜人群：本房适宜刚需置业，婚房，老人小孩子居住，附有万达广场，东汇城等，地铁，公园产权清晰，业主已经还清贷款，到2020年2月7号满2年，业主诚信出售。主要连接广州市天河至增城区新塘镇，4条线路；广增线（县际公交化客车，17条线路）；城区内公交车（主要行走于增城区荔城街、增江街、朱村街，11条线路）；新塘镇内公交车（主要行走于增城区新塘镇内，15条线路）；各镇间公交车（穿梭于各镇街，共61条线路此房是成熟小区，生活配套齐全，阳台宽阔，采光通风效果好,108400846409,东,满两年,广州-增城,80.1㎡,3室2厅1厨1卫,67万,8365元/平
未知,周园路,2020.01.10,其他,暂无数据,高楼层(共8层),,108400831531,南,满两年,广州-增城,90.01㎡,3室2厅1厨1卫,73万,8088元/平
未知,西城路(增城区),2019.11.10,简装,暂无数据,中楼层(共6层),房子楼层较低，也方便家中老人和小孩，有兴发市场，老人家买菜也比较方便，楼下小吃店也是比较多，下楼就有了。很方便。。房子属于荔城区繁华地带，设施比较完善，距离增城妇幼医院只有500米，荔城医院700米，，1公里即可到达增城最繁华的东汇城和万达广场，银行也是很多，工商，广发，农业，交通银行等等。这房子的格局方正，户型是三室两厅两卫。由于房龄也是有一段时间了，所以配套也是成熟的此房保养新净，格局方正，步梯楼层低，光线也是很充足的,108400757025,东 西,满两年,广州-增城,108.08㎡,3室2厅1厨2卫,87万,8050元/平
2000,开园路,2019.07.24,简装,有,低楼层(共8层),房屋位于城区，路口交通比较方便，公交车站门口就有，离地铁口不*，出行广州方便，旁边配套很成熟齐全近市场超市，不临街比较安静，楼层低，老人小孩比较适宜居住，更适合三代同堂居住，114方实用大四房。低楼层南向，四房实用位置好，单边位户型，装修比较新每个房间都很方正，近市场交通方便此房满五唯一，格局实用，四房没有暗房，楼层低阳台朝南，,108400378032,南,满五年,广州-增城,114.3㎡,4室2厅1厨1卫,93万,8137元/平
未知,中山路,2019.09.01,精装,暂无数据,高楼层(共7层),挂绿南：增城18路，增城1路，增城3路，增城5路，增城7路，增城8路荔城二/小：增城48，增城9路光明车站，广增9路二汽站医院：荔城医院，人民医院，中医院，妇幼保健院，增城群爱购物：挂绿广场，东汇城，万达广场，人人乐银行：工商，建设，邮政，农业，发展，人民此房五年唯一，保养新净，安静舒适，生活便利,108400458707,南,满五年,广州-增城,54.84㎡,2室1厅1厨1卫,46万,8389元/平
2000,新塘医院宿舍,2019.08.12,简装,无,高楼层(共7层),,108400357270,南 北,满五年,广州-增城,111.58㎡,3室2厅1厨2卫,88万,7887元/平
2010,开园中路,2019.07.18,精装,无,中楼层(共8层),房源在街道出入方便，人流好。车流方便，脚步能到挂绿广场，景色繁华，房源近市场，有便利店，水果店，人流繁华，3公里有挂绿广场，荔城医院，保健院，房源适合居住，街道方便，近市场。3公里有挂绿广场，保健院，女人街，此房源满二年以上，业主有心售，格局好，光线充足，大街人流良好,108400350579,东南,暂无数据,广州-增城,123.5㎡,3室2厅1厨2卫,96万,7774元/平
未知,奥园康威广场,2019.11.30,毛坯,有,低楼层(共20层),该房子目前是一房可装修设计成复式实用高通风采光好办公住家都可以该小区自住或者办公皆可都不用担心配套问题该小区本身是以为综合体为主是个大型综合体该房子目前毛坯状态买家需要重新装修可装成办公或者住宅模式因为复式设计也可巧妙利用装成自己喜欢的风格和格局该房子属于公寓性质购买没要求房子复式设计高实用有匙即看房,108400239191,南,暂无数据,广州-增城,51.09㎡,1室1厅1厨1卫,44万,8456元/平
未知,奥园康威广场,2019.11.18,精装,有,中楼层(共20层),毛坯交楼，目前未装修，可以根据自己需求进行改造装修，适合办公和居住，南向采光好铁路：广深铁路广汕铁路公交：新塘1路，新塘8路，新塘9路，新塘4路等。有中国农业银行.新塘汽车总站.超市.菜市场.增城医院.幼儿园.酒店.美食街，商场.游乐园。东南向望小区，户型方正，毛坯可以自己改造,108400431648,东南,满两年,广州-增城,70.3㎡,2室1厅1厨1卫,60万,8535元/平
1985,富宁路,2019.11.24,其他,无,高楼层(共8层),1：生活便利，三大农贸市，小公园，挂绿广场，东汇城，等等2：荔星幼稚园，荔茵幼儿园，3：公交总站，出入方便，业主外地发展，小孩也在外地发展，所以诚意出售，价格合理，家庭和协，家境良好，可以放心购买此房是商品房，房产证满五唯一，首套房五契税征收1.5%，二套征收契税3%，免征个人所得税和增值税。此房满五唯一，格局好，新装修，楼梯好走。,108400809530,南,满五年,广州-增城,104.8㎡,3室2厅1厨1卫,85万,8111元/平
未知,水电二局宿舍,2020.01.21,精装,有,高楼层(共18层),小区里面有公园，有运动场，有游泳池，有公立的医院，小区有教育，有菜市场，超市等业主本来就是做家装这一款的，装修风格新颖，装修用料比较好。一直也是自住，买过来就可以入住了小区门口有公交站，大巴车，680米到地铁13号线白江站，交通便利。该房10年左右楼龄，自住装修，保养很好，格局方正实用，采光通风好。此房业主自住，装修保养好，户型通透，楼层好，配套成熟，近地铁,108400272072,东北,满五年,广州-增城,146.34㎡,4室2厅1厨2卫,57万,3896元/平
未知,西城路五福街,2019.12.30,精装,暂无数据,中楼层(共7层),房子配套成熟，楼下就是公交站，近广场，银行。医院，杂货店，教育机构，开放公园等等房子是商品房，手续齐全，五年唯一，税费低，产权清晰，购买优选，无共有。房子户型是，三房二厅1厨1卫。一梯两户，格局方正，布局合理。此房格局很好，朝南，阳光多，首期低，中楼层，价格合理,108400672562,南,满五年,广州-增城,88.17㎡,3室2厅1厨1卫,75万,8507元/平
1996,瑶台花园,2017.03.25,简装,无,高楼层(共9层),,GZ0001622708,北,暂无数据,广州-越秀,68㎡,2室1厅1厨1卫,89万,13089元/平
1995,飞鹅新村,2016.11.30,简装,无,高楼层(共8层),暂无信息,GZ0002224943,南 北,暂无数据,广州-白云,66.87㎡,2室1厅1厨1卫,83万,12413元/平
1996,粮油宿舍,2017.07.02,其他,无,高楼层(共9层),暂无信息,GZ0002813166,东南,暂无数据,广州-白云,86.55㎡,3室1厅1厨1卫,110万,12652元/平
1996,粮油宿舍,2017.04.23,其他,无,高楼层(共9层),暂无信息,GZ0002197886,南,暂无数据,广州-白云,54㎡,2室1厅0厨1卫,65万,12038元/平
未知,站西路,2017.04.01,简装,无,高楼层(共6层),,GZ0002329172,南 北,暂无数据,广州-荔湾,58㎡,2室1厅0厨1卫,69万,11897元/平
1990,解放北路(越秀区),2016.03.19,简装,无,高楼层(共9层),,GZ0001479290,西南,暂无数据,广州-越秀,60㎡,2室1厅0厨1卫,65万,10834元/平
2017,三江盛汇,2019.08.27,毛坯,有,高楼层(共15层),,108400415143,北,满五年,广州-增城,122.85㎡,3室1厅1厨2卫,105万,8507元/平
1990,解放北路(越秀区),2016.10.31,简装,无,高楼层(共9层),,GZ0001910480,东,暂无数据,广州-越秀,91.8㎡,3室2厅0厨1卫,100万,10894元/平
